"term","estimate","std_error","statistic","p_value"
"(Intercept)",1.00052643256951,0.0299795546949258,33.3736255508441,1.33360826457805e-138
"fit_endogenous",1.98352459415666,0.0388341181443466,51.0768542955935,4.60093382969769e-220
"x",0.806705414295562,0.0449370424487445,17.9519027140181,6.03269350345126e-58
