term,estimate,std_error,statistic,p_value,conf_low,conf_high
x,0.763246709350303,0.142347819328895,5.36184335628506,1.2327355653065e-07,0.483610321076233,1.04288309762437
endogenous,1.95786324532868,0.0616164259755627,31.7750212598371,9.69289689531911e-125,1.83682033157422,2.07890615908314
