term,estimate,std_error,statistic,p_value,conf_low,conf_high
const,1.0005264325695,0.0299795546949258,33.3736255508441,0,0.941648218951265,1.05940464618774
x,0.806705414295563,0.0449370424487445,17.9519027140181,0,0.718451508872582,0.894959319718544
endogenous,1.98352459415666,0.0388341181443466,51.0768542955936,0,1.9072564998822,2.05979268843111
