"term","estimate","std_error"
"x",0.763246709350303,0.142347819328895
"endogenous",1.95786324532868,0.0616164259755627
